Cdub|Cgui|Sbay	695	0	333
Agos|Sbay|Scas	96	101	831
Kpol|Kwal|Scer	160	731	137
Agos|Cgla|Lelo	1028	0	0
Cgla|Psti|Scer	1	1027	0
Klac|Scas|Smik	93	105	830
Ctro|Sklu|Skud	1	0	1027
Calb|Kthe|Kwal	0	0	1028
Cdub|Cgla|Zrou	0	0	1028
Ctro|Scer|Smik	0	0	1028
Dhan|Psti|Skud	645	239	144
Cdub|Klac|Kpol	1	0	1027
Calb|Cdub|Psti	1028	0	0
Kwal|Sklu|Skud	636	199	193
Cdub|Kpol|Skud	0	0	1028
Agos|Ctro|Kwal	1	1027	0
Psti|Scas|Spar	1	0	1027
Cdub|Clus|Scas	1028	0	0
Cpar|Psti|Scer	775	36	217
Kthe|Kwal|Sbay	1016	7	5
Kpol|Kwal|Skud	160	731	137
Agos|Cgui|Scer	1	1027	0
Lelo|Spar|Zrou	0	0	1028
Clus|Ctro|Kwal	1019	0	9
Kthe|Sklu|Zrou	628	198	202
Klac|Kwal|Zrou	429	299	300
Clus|Lelo|Smik	965	0	63
Clus|Sbay|Scer	0	0	1028
Clus|Kwal|Skud	0	0	1028
Psti|Scer|Sklu	0	2	1026
Clus|Kwal|Smik	0	0	1028
Agos|Klac|Scas	575	225	228
Cgui|Klac|Scer	2	0	1026
Kthe|Kwal|Skud	1016	7	5
Agos|Cgla|Kthe	282	437	309
Cdub|Kpol|Kthe	0	0	1028
Clus|Cpar|Kpol	961	0	67
Cpar|Kthe|Scas	0	1	1027
Scer|Sklu|Zrou	152	707	169
Cgui|Kwal|Sklu	0	1	1027
Cgla|Sbay|Spar	5	3	1020
Cdub|Scas|Smik	0	0	1028
Calb|Psti|Spar	779	0	249
Clus|Lelo|Psti	234	249	545
Clus|Cpar|Scas	961	0	67
Clus|Sbay|Zrou	0	0	1028
Agos|Spar|Zrou	157	153	718
Calb|Kpol|Scas	0	0	1028
Kpol|Psti|Smik	0	1027	1
Cdub|Sbay|Spar	0	0	1028
Ctro|Klac|Lelo	1	972	55
Clus|Scer|Sklu	0	1	1027
Kwal|Lelo|Sklu	0	1026	2
Agos|Scas|Scer	101	95	832
Kthe|Kwal|Scer	1016	7	5
Calb|Spar|Zrou	0	0	1028
Cgui|Kthe|Sklu	0	1	1027
Cdub|Cgla|Sbay	0	0	1028
Ctro|Kpol|Skud	0	0	1028
Clus|Kpol|Lelo	0	965	63
Cgui|Kpol|Scer	0	0	1028
Dhan|Sklu|Spar	1	0	1027
Dhan|Psti|Scer	645	239	144
Agos|Cpar|Smik	0	1028	0
Cgla|Skud|Spar	5	2	1021
Cgui|Dhan|Skud	738	146	144
Scas|Sklu|Spar	94	825	109
Cdub|Lelo|Sklu	965	0	63
Cgui|Klac|Spar	2	0	1026
Lelo|Psti|Sbay	780	32	216
Cdub|Kthe|Skud	0	0	1028
Scas|Skud|Spar	3	6	1019
Cpar|Skud|Spar	0	0	1028
Kthe|Scer|Spar	0	0	1028
Calb|Cgla|Kwal	0	0	1028
Agos|Kpol|Lelo	1028	0	0
Cgui|Klac|Skud	2	0	1026
Cgui|Cpar|Sklu	685	308	35
Cdub|Clus|Lelo	63	920	45
Cpar|Kwal|Sbay	0	1	1027
Kthe|Kwal|Spar	1016	7	5
Calb|Cdub|Klac	1028	0	0
Cdub|Kwal|Lelo	0	965	63
Cgla|Klac|Psti	1025	2	1
Ctro|Kpol|Scer	0	0	1028
Dhan|Klac|Spar	1	0	1027
Clus|Scas|Smik	0	0	1028
Clus|Ctro|Klac	1018	0	10
Cgui|Kwal|Psti	222	671	135
Agos|Klac|Kthe	472	282	274
Agos|Calb|Spar	0	1028	0
Cpar|Kthe|Lelo	10	1012	6
Psti|Scas|Scer	1	0	1027
Cgla|Lelo|Skud	0	1028	0
Cgla|Kthe|Scas	132	806	90
Kpol|Lelo|Sbay	0	1028	0
Clus|Ctro|Dhan	349	407	272
Psti|Scas|Smik	1	0	1027
Dhan|Scer|Sklu	0	1	1027
Agos|Calb|Klac	0	1027	1
Psti|Sbay|Spar	0	0	1028
Cdub|Klac|Kthe	1	0	1027
Kpol|Smik|Spar	3	0	1025
Kpol|Sklu|Zrou	165	695	168
Cgla|Cgui|Klac	0	1026	2
Klac|Sbay|Scas	105	93	830
Dhan|Kthe|Spar	0	0	1028
Dhan|Kwal|Skud	0	0	1028
Cgla|Spar|Zrou	518	272	238
Clus|Cpar|Scer	961	0	67
Kwal|Scer|Spar	0	0	1028
Cpar|Sbay|Scas	0	0	1028
Agos|Kwal|Zrou	455	275	298
Calb|Cdub|Clus	1028	0	0
Psti|Scas|Skud	1	0	1027
Cgui|Kpol|Lelo	309	689	30
Calb|Ctro|Scer	1019	0	9
Agos|Kpol|Kthe	266	449	313
Smik|Spar|Zrou	1024	3	1
Calb|Cgui|Scer	695	0	333
Cpar|Kwal|Sklu	0	2	1026
Clus|Smik|Spar	0	0	1028
Cgui|Psti|Scer	671	222	135
Calb|Cgla|Ctro	0	1019	9
Cdub|Klac|Lelo	0	965	63
Clus|Klac|Kpol	1	0	1027
Dhan|Scas|Zrou	0	0	1028
Calb|Lelo|Zrou	965	0	63
Kthe|Kwal|Zrou	1016	7	5
Agos|Calb|Cdub	0	0	1028
Cgui|Cpar|Zrou	685	308	35
Cpar|Ctro|Klac	964	61	3
Ctro|Kthe|Lelo	1	972	55
Agos|Cgla|Scas	123	98	807
Cdub|Skud|Zrou	0	0	1028
Cdub|Ctro|Kwal	1019	0	9
Sklu|Smik|Spar	0	1	1027
Cgui|Cpar|Kpol	685	308	35
Agos|Clus|Scer	0	1028	0
Clus|Kwal|Lelo	0	965	63
Klac|Scer|Zrou	157	160	711
Lelo|Scer|Spar	0	0	1028
Agos|Scer|Skud	0	0	1028
Calb|Cgui|Skud	695	0	333
Klac|Kthe|Spar	443	286	299
Calb|Ctro|Sbay	1019	0	9
Calb|Kthe|Smik	0	0	1028
Lelo|Sbay|Spar	0	0	1028
Klac|Sbay|Skud	0	1	1027
Kpol|Skud|Smik	1	1	1026
Cgla|Skud|Smik	2	2	1024
Kpol|Kthe|Zrou	170	702	156
Agos|Sklu|Zrou	479	270	279
Calb|Psti|Zrou	779	0	249
Sklu|Skud|Zrou	152	169	707
Lelo|Smik|Zrou	0	0	1028
Cdub|Psti|Scer	779	0	249
Cgui|Kpol|Zrou	0	0	1028
Cgui|Cpar|Scas	685	308	35
Cgla|Kpol|Scer	273	497	258
Lelo|Psti|Skud	780	32	216
Cgla|Clus|Sklu	0	1027	1
Kthe|Psti|Skud	1	1025	2
Clus|Ctro|Sklu	1018	1	9
Clus|Klac|Lelo	0	964	64
Psti|Spar|Zrou	1	1	1026
Cdub|Cpar|Lelo	96	76	856
Cdub|Klac|Sklu	1	1	1026
Clus|Dhan|Scer	682	0	346
Kpol|Psti|Spar	0	1027	1
Dhan|Lelo|Sklu	668	320	40
Cgla|Cgui|Kwal	0	1028	0
Dhan|Klac|Kwal	1	0	1027
Cpar|Lelo|Sbay	1012	10	6
Cdub|Sbay|Smik	0	0	1028
Cpar|Sbay|Sklu	0	1	1027
Cdub|Scer|Sklu	0	1	1027
Agos|Dhan|Sklu	0	1027	1
Calb|Clus|Sbay	1028	0	0
Cpar|Lelo|Smik	1012	10	6
Kwal|Smik|Zrou	161	169	698
Agos|Calb|Lelo	0	63	965
Calb|Cpar|Zrou	961	0	67
Cdub|Cgui|Spar	695	0	333
Clus|Cpar|Ctro	41	66	921
Kwal|Sbay|Smik	0	0	1028
Cdub|Skud|Spar	0	0	1028
Dhan|Kthe|Skud	0	0	1028
Calb|Kwal|Smik	0	0	1028
Lelo|Sklu|Spar	1	0	1027
Calb|Klac|Sklu	1	1	1026
Cpar|Dhan|Spar	666	42	320
Calb|Clus|Smik	1028	0	0
Clus|Dhan|Sbay	682	0	346
Cgla|Clus|Klac	0	1027	1
Agos|Kpol|Spar	138	150	740
Lelo|Scas|Sklu	0	1	1027
Calb|Cpar|Ctro	54	915	59
Kpol|Sbay|Smik	2	2	1024
Kthe|Psti|Spar	1	1025	2
Calb|Cgui|Sbay	695	0	333
Calb|Clus|Ctro	9	1008	11
Cdub|Sklu|Smik	1	0	1027
Calb|Kthe|Spar	0	0	1028
Agos|Psti|Scas	0	1027	1
Calb|Skud|Smik	0	0	1028
Clus|Klac|Scas	1	0	1027
Clus|Kpol|Sklu	0	1	1027
Kpol|Scas|Smik	247	222	559
Cgui|Clus|Psti	376	374	278
Cgla|Scer|Zrou	518	272	238
Ctro|Kpol|Sbay	0	0	1028
Clus|Dhan|Kwal	682	0	346
Ctro|Kpol|Zrou	0	0	1028
Klac|Kwal|Lelo	1027	1	0
Cdub|Klac|Scas	1	0	1027
Calb|Cgui|Kwal	695	0	333
Cpar|Psti|Spar	775	36	217
Cpar|Ctro|Smik	964	61	3
Cdub|Klac|Psti	0	779	249
Cgui|Scer|Skud	0	0	1028
Clus|Sbay|Skud	0	0	1028
Cpar|Psti|Sklu	775	36	217
Scer|Skud|Smik	208	597	223
Cgui|Clus|Sklu	694	333	1
Clus|Klac|Kthe	1	0	1027
Dhan|Sklu|Zrou	1	0	1027
Cdub|Scas|Spar	0	0	1028
Agos|Clus|Smik	0	1028	0
Cgui|Ctro|Dhan	240	561	227
Skud|Spar|Zrou	1023	4	1
Calb|Kpol|Kthe	0	0	1028
Kthe|Sklu|Skud	630	203	195
Cgla|Kpol|Spar	273	497	258
Calb|Cdub|Spar	1028	0	0
Cgui|Sbay|Sklu	0	1	1027
Calb|Klac|Psti	0	779	249
Cdub|Cgla|Clus	0	1028	0
Klac|Scas|Skud	92	105	831
Agos|Ctro|Skud	0	1028	0
Cgla|Cpar|Sbay	0	1028	0
Cdub|Ctro|Zrou	1019	0	9
Calb|Cdub|Ctro	1001	14	13
Cpar|Kpol|Kthe	1	0	1027
Cgui|Kthe|Scas	0	0	1028
Cdub|Ctro|Spar	1019	0	9
Kthe|Lelo|Sklu	0	1026	2
Cgui|Skud|Spar	0	0	1028
Dhan|Lelo|Sbay	668	320	40
Calb|Ctro|Kwal	1019	0	9
Cdub|Cgla|Smik	0	0	1028
Agos|Ctro|Smik	0	1028	0
Dhan|Sklu|Smik	1	0	1027
Klac|Kthe|Skud	443	286	299
Dhan|Kpol|Sklu	1	1	1026
Calb|Clus|Psti	249	530	249
Agos|Clus|Kpol	0	1028	0
Klac|Kpol|Spar	142	151	735
Calb|Sklu|Spar	1	0	1027
Klac|Skud|Zrou	157	160	711
Klac|Sbay|Sklu	253	508	267
Cgui|Ctro|Scas	692	330	6
Lelo|Skud|Spar	0	0	1028
Cgla|Scer|Skud	2	4	1022
Clus|Cpar|Zrou	961	0	67
Cdub|Kwal|Zrou	0	0	1028
Agos|Cgla|Cpar	1028	0	0
Agos|Cdub|Kpol	0	1028	0
Calb|Ctro|Dhan	1007	12	9
Ctro|Kthe|Sklu	0	2	1026
Agos|Calb|Zrou	0	1028	0
Agos|Cgui|Klac	0	1027	1
Agos|Cgla|Zrou	163	133	732
Kpol|Psti|Skud	0	1027	1
Cgui|Sbay|Spar	0	0	1028
Agos|Cgla|Psti	1027	0	1
Agos|Kthe|Smik	453	285	290
Clus|Klac|Skud	1	0	1027
Cgla|Clus|Smik	0	1028	0
Kpol|Smik|Zrou	383	312	333
Klac|Scas|Scer	92	105	831
Kwal|Lelo|Spar	0	1027	1
Kpol|Lelo|Sklu	0	1027	1
Clus|Psti|Sbay	779	0	249
Klac|Psti|Sbay	2	1024	2
Agos|Sklu|Smik	485	273	270
Agos|Ctro|Sbay	0	1028	0
Agos|Cpar|Lelo	10	6	1012
Cdub|Dhan|Zrou	682	0	346
Cgui|Clus|Dhan	267	516	245
Cgla|Lelo|Spar	0	1028	0
Clus|Ctro|Sbay	1019	0	9
Calb|Lelo|Sklu	965	0	63
Dhan|Kpol|Psti	239	645	144
Cgla|Psti|Zrou	1	1027	0
Ctro|Dhan|Skud	676	8	344
Cgla|Dhan|Skud	0	1028	0
Lelo|Scas|Smik	0	0	1028
Agos|Lelo|Spar	0	1028	0
Clus|Skud|Zrou	0	0	1028
Dhan|Klac|Kthe	1	0	1027
Agos|Kthe|Sbay	453	285	290
Cgla|Kpol|Kwal	718	163	147
Kwal|Sbay|Zrou	161	169	698
Cgla|Kwal|Zrou	173	713	142
Klac|Psti|Scer	2	1024	2
Cdub|Cgla|Kthe	0	0	1028
Kpol|Psti|Scas	0	1026	2
Cdub|Cgui|Clus	283	333	412
Cgui|Lelo|Scer	689	309	30
Cgla|Cgui|Dhan	146	144	738
Clus|Dhan|Zrou	682	0	346
Lelo|Scer|Smik	0	0	1028
Klac|Kpol|Sbay	142	150	736
Cpar|Klac|Scas	1	1	1026
Scas|Scer|Skud	6	2	1020
Kthe|Sbay|Zrou	160	169	699
Cdub|Cpar|Smik	961	0	67
Cgla|Cgui|Cpar	308	35	685
Klac|Kwal|Scas	438	289	301
Klac|Kpol|Kthe	278	447	303
Cgui|Ctro|Sklu	692	330	6
Clus|Cpar|Klac	960	0	68
Calb|Kthe|Psti	0	779	249
Cdub|Cgui|Scas	695	0	333
Psti|Skud|Smik	0	0	1028
Cdub|Lelo|Zrou	965	0	63
Klac|Kwal|Skud	440	287	301
Dhan|Scer|Smik	0	0	1028
Calb|Sklu|Smik	1	0	1027
Klac|Scer|Smik	1	0	1027
Ctro|Lelo|Scer	972	1	55
Agos|Cdub|Kwal	0	1028	0
Cgui|Lelo|Sklu	689	309	30
Klac|Psti|Zrou	2	1024	2
Calb|Sbay|Smik	0	0	1028
Cdub|Ctro|Lelo	912	51	65
Clus|Sbay|Spar	0	0	1028
Cgui|Scas|Zrou	0	0	1028
Cpar|Dhan|Lelo	17	995	16
Cgla|Cgui|Skud	0	1028	0
Cgui|Lelo|Sbay	689	309	30
Sbay|Spar|Zrou	1020	3	5
Agos|Sbay|Smik	0	0	1028
Calb|Kthe|Zrou	0	0	1028
Cdub|Clus|Sbay	1028	0	0
Kwal|Scer|Sklu	199	636	193
Agos|Calb|Smik	0	1028	0
Agos|Calb|Scer	0	1028	0
Ctro|Klac|Zrou	1	1	1026
Klac|Kpol|Skud	142	151	735
Agos|Psti|Spar	1	1026	1
Ctro|Lelo|Skud	972	1	55
Cgui|Kthe|Kwal	0	0	1028
Cgui|Spar|Zrou	0	0	1028
Skud|Smik|Zrou	1025	2	1
Agos|Cgui|Zrou	1	1027	0
Cgla|Lelo|Sbay	0	1028	0
Calb|Scer|Skud	0	0	1028
Clus|Kpol|Psti	0	779	249
Cgui|Cpar|Kwal	685	308	35
Cgla|Scas|Spar	295	297	436
Lelo|Sklu|Zrou	1	0	1027
Cgla|Sklu|Zrou	162	719	147
Calb|Kthe|Skud	0	0	1028
Calb|Sbay|Scer	0	0	1028
Cgla|Kpol|Kthe	718	163	147
Cgui|Dhan|Zrou	738	146	144
Cpar|Scas|Sklu	0	1	1027
Agos|Calb|Clus	0	0	1028
Cpar|Kthe|Smik	0	1	1027
Agos|Smik|Zrou	158	153	717
Calb|Cpar|Scas	961	0	67
Calb|Ctro|Smik	1019	0	9
Psti|Sklu|Spar	2	0	1026
Kpol|Lelo|Psti	32	216	780
Ctro|Scer|Spar	0	0	1028
Cgui|Ctro|Psti	193	328	507
Kpol|Scas|Sklu	752	153	123
Cdub|Clus|Sklu	1027	0	1
Klac|Kpol|Lelo	1026	1	1
Klac|Lelo|Sklu	1	1025	2
Agos|Ctro|Kthe	1	1027	0
Clus|Lelo|Sklu	964	1	63
Lelo|Sbay|Scer	0	0	1028
Agos|Calb|Kwal	0	1028	0
Agos|Kthe|Zrou	457	275	296
Clus|Scer|Zrou	0	0	1028
Cgla|Sbay|Sklu	795	132	101
Cdub|Clus|Kpol	1028	0	0
Clus|Kpol|Sbay	0	0	1028
Agos|Kpol|Smik	137	150	741
Cgui|Sbay|Smik	0	0	1028
Kthe|Scas|Sklu	199	634	195
Agos|Kwal|Sklu	228	269	531
Lelo|Sbay|Skud	0	0	1028
Calb|Lelo|Skud	965	0	63
Cdub|Klac|Kwal	1	0	1027
Calb|Kthe|Scas	0	0	1028
Clus|Kwal|Scer	0	0	1028
Kwal|Lelo|Smik	0	1027	1
Cdub|Ctro|Kpol	1019	0	9
Calb|Dhan|Sbay	682	0	346
Kwal|Scas|Smik	100	95	833
Cgla|Cpar|Sklu	0	1027	1
Calb|Lelo|Scas	965	0	63
Scas|Sklu|Zrou	148	704	176
Dhan|Sbay|Scer	0	0	1028
Kpol|Sbay|Scer	4	1	1023
Cgui|Sklu|Spar	1	0	1027
Agos|Cgui|Ctro	330	6	692
Calb|Cdub|Cgla	1028	0	0
Cgui|Cpar|Scer	685	308	35
Cpar|Ctro|Scer	964	61	3
Kpol|Lelo|Scas	0	1028	0
Cgla|Kthe|Sbay	138	800	90
Cgla|Cgui|Zrou	0	1028	0
Agos|Ctro|Lelo	1	55	972
Ctro|Kwal|Psti	3	782	243
Cgla|Klac|Scas	120	805	103
Calb|Klac|Scas	1	0	1027
Dhan|Scer|Zrou	0	0	1028
Agos|Clus|Zrou	0	1028	0
Cgui|Sklu|Smik	1	0	1027
Klac|Sklu|Skud	508	253	267
Clus|Kpol|Smik	0	0	1028
Kthe|Scer|Sklu	203	630	195
Agos|Cpar|Kthe	1	1027	0
Calb|Dhan|Smik	682	0	346
Cdub|Scas|Sklu	0	1	1027
Cgui|Clus|Klac	694	334	0
Calb|Scas|Sklu	0	1	1027
Kpol|Scas|Scer	249	220	559
Ctro|Kthe|Zrou	0	1	1027
Cdub|Ctro|Smik	1019	0	9
Calb|Ctro|Spar	1019	0	9
Cdub|Ctro|Scer	1019	0	9
Cdub|Sbay|Scas	0	0	1028
Kpol|Scer|Sklu	726	156	146
Dhan|Psti|Zrou	645	239	144
Ctro|Smik|Spar	0	0	1028
Agos|Cdub|Zrou	0	1028	0
Psti|Sklu|Smik	2	0	1026
Cdub|Clus|Dhan	346	276	406
Klac|Scer|Spar	0	0	1028
Agos|Psti|Scer	1	1026	1
Kpol|Kwal|Psti	1026	1	1
Kwal|Scer|Smik	1	0	1027
Agos|Cgla|Sbay	125	100	803
Clus|Psti|Sklu	778	1	249
Cgla|Dhan|Kpol	0	1027	1
Agos|Cdub|Skud	0	1028	0
Agos|Clus|Skud	0	1028	0
Psti|Sbay|Smik	0	0	1028
Calb|Cgla|Dhan	0	682	346
Dhan|Sbay|Zrou	0	0	1028
Kthe|Skud|Zrou	160	168	700
Agos|Cpar|Sklu	0	1027	1
Cdub|Dhan|Kpol	682	0	346
Lelo|Smik|Spar	0	0	1028
Ctro|Spar|Zrou	0	0	1028
Ctro|Lelo|Spar	972	1	55
Cpar|Kpol|Skud	0	0	1028
Cgla|Ctro|Spar	0	1028	0
Clus|Psti|Spar	779	0	249
Cdub|Cpar|Psti	871	75	82
Agos|Psti|Skud	1	1026	1
Dhan|Scas|Scer	0	0	1028
Psti|Scer|Skud	0	0	1028
Klac|Smik|Spar	0	1	1027
Cgui|Smik|Spar	0	0	1028
Cdub|Kwal|Smik	0	0	1028
Kpol|Kthe|Scer	160	732	136
Cdub|Dhan|Klac	681	1	346
Clus|Ctro|Lelo	59	39	930
Cgla|Psti|Skud	1	1027	0
Cdub|Kwal|Skud	0	0	1028
Dhan|Kpol|Scas	1	0	1027
Cgla|Klac|Sklu	254	271	503
Agos|Lelo|Sbay	0	1028	0
Clus|Dhan|Kpol	682	0	346
Cgui|Kwal|Lelo	309	689	30
Psti|Sbay|Scer	0	0	1028
Agos|Cgui|Skud	1	1027	0
Agos|Kpol|Zrou	157	162	709
Kwal|Scas|Zrou	157	165	706
Cpar|Kthe|Spar	0	1	1027
Clus|Kthe|Lelo	0	965	63
Agos|Cdub|Scer	0	1028	0
Calb|Scer|Zrou	0	0	1028
Cdub|Kwal|Scer	0	0	1028
Calb|Dhan|Kthe	682	0	346
Dhan|Kwal|Sbay	0	0	1028
Agos|Clus|Cpar	0	67	961
Cgui|Clus|Lelo	405	308	315
Calb|Cgla|Klac	0	1	1027
Cgla|Clus|Zrou	0	1028	0
Lelo|Skud|Zrou	0	0	1028
Clus|Ctro|Smik	1019	0	9
Agos|Scas|Skud	101	95	832
Cdub|Cgla|Dhan	0	682	346
Ctro|Psti|Spar	782	3	243
Kwal|Sklu|Zrou	634	194	200
Dhan|Scas|Smik	0	0	1028
Agos|Kpol|Skud	138	150	740
Cpar|Smik|Zrou	0	0	1028
Kpol|Kthe|Skud	160	732	136
Ctro|Dhan|Scas	676	8	344
Cpar|Skud|Zrou	0	0	1028
Dhan|Scas|Skud	0	0	1028
Cgla|Klac|Zrou	150	726	152
Dhan|Scer|Skud	0	0	1028
Clus|Dhan|Psti	370	303	355
Cgla|Cpar|Psti	36	217	775
Clus|Lelo|Zrou	965	0	63
Cpar|Ctro|Lelo	90	856	82
Klac|Sklu|Smik	508	253	267
Cpar|Dhan|Scas	666	42	320
Cgla|Kwal|Lelo	1027	1	0
Cgla|Klac|Kwal	282	314	432
Cpar|Klac|Kthe	1	0	1027
Cgui|Ctro|Spar	692	330	6
Cgla|Ctro|Smik	0	1028	0
Agos|Klac|Sbay	577	223	228
Scas|Scer|Smik	2	2	1024
Ctro|Kpol|Scas	0	0	1028
Cgui|Dhan|Kpol	738	146	144
Kthe|Sbay|Scer	0	1	1027
Cgui|Ctro|Klac	692	330	6
Ctro|Scas|Scer	0	0	1028
Clus|Skud|Spar	0	0	1028
Cgui|Cpar|Lelo	18	15	995
Kpol|Sbay|Spar	4	1	1023
Agos|Kwal|Psti	1025	2	1
Klac|Kpol|Smik	142	150	736
Cdub|Klac|Sbay	1	0	1027
Agos|Kwal|Lelo	1027	1	0
Cpar|Dhan|Zrou	666	42	320
Agos|Cgla|Sklu	278	473	277
Kwal|Psti|Smik	1	1025	2
Cgui|Cpar|Ctro	71	39	918
Psti|Scas|Sklu	0	1	1027
Calb|Cdub|Kthe	1028	0	0
Scer|Smik|Spar	132	769	127
Agos|Klac|Smik	577	223	228
Calb|Ctro|Kthe	1019	0	9
Cpar|Kwal|Skud	0	1	1027
Cgla|Cgui|Smik	0	1028	0
Cdub|Cgui|Ctro	10	1006	12
Cpar|Kthe|Scer	0	1	1027
Klac|Lelo|Psti	32	216	780
Cdub|Kwal|Spar	0	0	1028
Klac|Scer|Skud	0	0	1028
Cdub|Lelo|Spar	965	0	63
Clus|Lelo|Scas	965	0	63
Agos|Cdub|Spar	0	1028	0
Cdub|Cgui|Dhan	237	228	563
Cgla|Scas|Scer	295	297	436
Calb|Clus|Zrou	1028	0	0
Cdub|Cgui|Psti	193	505	330
Clus|Kthe|Kwal	0	0	1028
Ctro|Klac|Scer	1	1	1026
Calb|Kpol|Scer	0	0	1028
Agos|Cgui|Dhan	146	144	738
Clus|Cpar|Sklu	960	1	67
Cgui|Scer|Zrou	0	0	1028
Kthe|Sbay|Smik	0	0	1028
Calb|Cgla|Clus	0	1028	0
Scas|Scer|Zrou	591	217	220
Cpar|Scer|Zrou	0	0	1028
Cgui|Kthe|Spar	0	0	1028
Calb|Ctro|Zrou	1019	0	9
Cgla|Scer|Smik	1	3	1024
Kwal|Scas|Scer	99	95	834
Cpar|Sklu|Smik	1	0	1027
Cpar|Dhan|Skud	666	42	320
Klac|Psti|Scas	1	1025	2
Cdub|Sklu|Zrou	1	0	1027
Dhan|Smik|Zrou	0	0	1028
Clus|Kthe|Psti	0	779	249
Cgla|Kthe|Sklu	208	204	616
Klac|Lelo|Smik	1	1026	1
Ctro|Kwal|Smik	0	1	1027
Cdub|Clus|Klac	1027	1	0
Ctro|Sbay|Spar	0	0	1028
Agos|Ctro|Sklu	0	1027	1
Dhan|Kthe|Zrou	0	0	1028
Calb|Sbay|Zrou	0	0	1028
Clus|Sklu|Zrou	1	0	1027
Lelo|Psti|Spar	780	32	216
Klac|Skud|Smik	1	0	1027
Agos|Cpar|Scas	0	1028	0
Clus|Klac|Kwal	1	0	1027
Dhan|Scas|Spar	0	0	1028
Calb|Ctro|Skud	1019	0	9
Ctro|Klac|Smik	1	1	1026
Klac|Spar|Zrou	157	160	711
Clus|Spar|Zrou	0	0	1028
Cgla|Ctro|Kthe	1	1027	0
Ctro|Skud|Zrou	0	0	1028
Cpar|Klac|Lelo	10	1012	6
Cpar|Kthe|Skud	0	1	1027
Cgla|Klac|Sbay	117	798	113
Calb|Kpol|Skud	0	0	1028
Klac|Smik|Zrou	157	161	710
Psti|Scer|Zrou	1	1	1026
Dhan|Lelo|Skud	668	320	40
Clus|Kwal|Sbay	0	0	1028
Cdub|Klac|Skud	1	0	1027
Klac|Lelo|Scer	1	1026	1
Calb|Cgui|Zrou	695	0	333
Agos|Dhan|Skud	0	1028	0
Cgui|Clus|Kwal	695	333	0
Cdub|Psti|Skud	779	0	249
Ctro|Scer|Zrou	0	0	1028
Cpar|Ctro|Sklu	964	61	3
Klac|Kwal|Psti	1025	2	1
Cpar|Sbay|Skud	0	0	1028
Agos|Dhan|Klac	0	1027	1
Clus|Dhan|Smik	682	0	346
Lelo|Psti|Scer	780	32	216
Cgla|Kwal|Sbay	138	799	91
Lelo|Sbay|Zrou	0	0	1028
Cpar|Dhan|Psti	206	529	293
Kpol|Spar|Zrou	382	313	333
Calb|Cgui|Smik	695	0	333
Calb|Cgla|Smik	0	0	1028
Psti|Sbay|Sklu	0	2	1026
Calb|Klac|Skud	1	0	1027
Klac|Kwal|Spar	440	287	301
Calb|Scer|Smik	0	0	1028
Ctro|Sbay|Sklu	0	1	1027
Cpar|Sbay|Scer	0	0	1028
Cdub|Kthe|Sbay	0	0	1028
Kwal|Psti|Scer	1	1025	2
Kpol|Skud|Zrou	383	312	333
Cgui|Psti|Skud	671	222	135
Calb|Ctro|Scas	1019	0	9
Cdub|Kpol|Psti	0	779	249
Agos|Dhan|Scas	0	1028	0
Agos|Ctro|Psti	3	243	782
Cdub|Klac|Zrou	1	0	1027
Calb|Cpar|Psti	871	75	82
Agos|Psti|Sbay	1	1026	1
Sbay|Scer|Spar	69	58	901
Agos|Clus|Spar	0	1028	0
Cdub|Clus|Kwal	1028	0	0
Cgla|Cgui|Scer	0	1028	0
Cgui|Klac|Kpol	2	0	1026
Klac|Kwal|Sklu	208	288	532
Clus|Dhan|Lelo	401	331	296
Cgla|Kwal|Scer	137	800	91
Clus|Klac|Scer	1	0	1027
Cgui|Scas|Sklu	0	1	1027
Dhan|Kwal|Smik	0	0	1028
Sbay|Sklu|Zrou	152	706	170
Calb|Clus|Lelo	63	920	45
Clus|Smik|Zrou	0	0	1028
Clus|Sbay|Sklu	0	1	1027
Cpar|Sbay|Spar	0	0	1028
Cgui|Clus|Skud	695	333	0
Cpar|Dhan|Kthe	666	42	320
Agos|Cdub|Lelo	0	63	965
Calb|Dhan|Kpol	682	0	346
Calb|Kthe|Lelo	0	965	63
Kpol|Kthe|Sbay	160	733	135
Kwal|Lelo|Scas	0	1027	1
Calb|Cgla|Skud	0	0	1028
Dhan|Sbay|Smik	0	0	1028
Agos|Lelo|Psti	32	216	780
Cgui|Clus|Ctro	408	286	334
Agos|Klac|Kwal	473	283	272
Clus|Klac|Zrou	1	0	1027
Cgla|Clus|Cpar	0	67	961
Dhan|Kpol|Skud	1	0	1027
Cgla|Kpol|Scas	254	505	269
Calb|Lelo|Spar	965	0	63
Cdub|Cgui|Lelo	42	913	73
Cgui|Cpar|Smik	685	308	35
Calb|Clus|Kthe	1028	0	0
Ctro|Skud|Smik	0	0	1028
Clus|Dhan|Scas	682	0	346
Kthe|Lelo|Sbay	0	1027	1
Cgla|Kthe|Psti	1026	2	0
Agos|Cdub|Kthe	0	1028	0
Cpar|Kwal|Zrou	0	1	1027
Calb|Cgui|Scas	695	0	333
Calb|Kpol|Spar	0	0	1028
Klac|Sbay|Spar	0	1	1027
Dhan|Kthe|Scas	0	0	1028
Cgui|Ctro|Zrou	692	330	6
Cgui|Kwal|Skud	0	0	1028
Psti|Sbay|Zrou	1	1	1026
Cgla|Scas|Smik	296	297	435
Cpar|Sbay|Zrou	0	0	1028
Dhan|Kwal|Psti	239	645	144
Dhan|Sklu|Skud	1	0	1027
Cpar|Dhan|Kpol	666	42	320
Agos|Sbay|Zrou	158	153	717
Kwal|Sbay|Scas	95	100	833
Kpol|Psti|Sklu	0	1025	3
Calb|Clus|Dhan	346	276	406
Cgui|Kwal|Scer	0	0	1028
Calb|Psti|Scas	779	0	249
Dhan|Psti|Sklu	645	239	144
Cdub|Dhan|Kwal	682	0	346
Agos|Cgla|Ctro	1028	0	0
Cdub|Scer|Zrou	0	0	1028
Cgui|Sbay|Scas	0	0	1028
Kpol|Kwal|Sklu	205	196	627
Lelo|Scer|Zrou	0	0	1028
Cdub|Cgla|Kwal	0	0	1028
Cpar|Scer|Smik	0	0	1028
Cgui|Dhan|Klac	737	147	144
Clus|Kthe|Spar	0	0	1028
Klac|Kthe|Scas	440	289	299
Calb|Klac|Spar	1	0	1027
Agos|Sklu|Skud	485	272	271
Cgui|Klac|Kthe	2	0	1026
Cdub|Dhan|Spar	682	0	346
Clus|Skud|Smik	0	0	1028
Cgla|Lelo|Psti	32	216	780
Cdub|Ctro|Kthe	1019	0	9
Cdub|Klac|Scer	1	0	1027
Scer|Skud|Zrou	1024	1	3
Clus|Kthe|Sklu	0	1	1027
Agos|Scer|Spar	0	0	1028
Psti|Scer|Smik	0	0	1028
Cgla|Klac|Spar	116	799	113
Cdub|Clus|Zrou	1028	0	0
Klac|Kpol|Sklu	261	499	268
Cgui|Kwal|Smik	0	0	1028
Agos|Kthe|Lelo	1027	1	0
Sbay|Skud|Zrou	1023	0	5
Cdub|Lelo|Skud	965	0	63
Cpar|Lelo|Scas	1012	10	6
Cgui|Dhan|Sklu	738	146	144
Cdub|Lelo|Smik	965	0	63
Dhan|Klac|Skud	1	0	1027
Calb|Clus|Cpar	67	917	44
Cgui|Clus|Cpar	401	317	310
Cgla|Cpar|Kwal	1	1027	0
Ctro|Kwal|Skud	0	1	1027
Cpar|Skud|Smik	0	0	1028
Cgui|Kthe|Smik	0	0	1028
Kthe|Psti|Scer	1	1025	2
Cgui|Kthe|Scer	0	0	1028
Clus|Cpar|Spar	961	0	67
Klac|Psti|Sklu	1	1024	3
Kwal|Psti|Zrou	0	1027	1
Kwal|Psti|Skud	1	1025	2
Cdub|Klac|Spar	1	0	1027
Cgui|Scas|Smik	0	0	1028
Dhan|Klac|Scer	1	0	1027
Kwal|Sbay|Skud	0	1	1027
Clus|Dhan|Skud	682	0	346
Agos|Dhan|Spar	0	1028	0
Klac|Kpol|Scer	142	151	735
Cgui|Ctro|Smik	692	330	6
Cgui|Ctro|Scer	692	330	6
Ctro|Kthe|Scer	0	1	1027
Ctro|Lelo|Sklu	972	1	55
Cpar|Psti|Skud	775	36	217
Clus|Dhan|Sklu	681	1	346
Dhan|Kwal|Spar	0	0	1028
Agos|Clus|Kwal	0	1028	0
Cpar|Kpol|Sbay	0	0	1028
Dhan|Kpol|Spar	1	0	1027
Calb|Cgui|Sklu	695	0	333
Cpar|Ctro|Psti	880	76	72
Ctro|Kwal|Sklu	0	2	1026
Cgui|Kpol|Kwal	0	0	1028
Ctro|Scas|Smik	0	0	1028
Calb|Cpar|Kpol	961	0	67
Clus|Kwal|Psti	0	779	249
Cdub|Cgui|Kwal	695	0	333
Cpar|Klac|Skud	1	1	1026
Dhan|Klac|Sbay	1	0	1027
Agos|Kthe|Scas	454	285	289
Cgui|Scer|Smik	0	0	1028
Agos|Kwal|Scas	452	285	291
Agos|Calb|Skud	0	1028	0
Calb|Clus|Sklu	1027	0	1
Sklu|Skud|Spar	0	0	1028
Calb|Kthe|Sklu	0	1	1027
Cpar|Klac|Sbay	1	1	1026
Cdub|Dhan|Psti	190	527	311
Calb|Kwal|Sklu	0	1	1027
Kpol|Sklu|Smik	156	727	145
Kpol|Sklu|Skud	156	726	146
Calb|Kwal|Spar	0	0	1028
Agos|Clus|Klac	0	1027	1
Kthe|Sklu|Spar	630	203	195
Cdub|Clus|Skud	1028	0	0
Calb|Cdub|Skud	1028	0	0
Calb|Clus|Kwal	1028	0	0
Cgla|Clus|Scer	0	1028	0
Sbay|Scer|Zrou	1021	2	5
Lelo|Psti|Sklu	780	32	216
Cdub|Kthe|Psti	0	779	249
Dhan|Lelo|Smik	668	320	40
Calb|Klac|Kthe	1	0	1027
Kwal|Psti|Spar	1	1025	2
Cgui|Ctro|Kwal	692	330	6
Cgui|Lelo|Scas	689	309	30
Cpar|Kwal|Smik	0	1	1027
Cdub|Cgui|Kthe	695	0	333
Cgla|Sklu|Skud	131	796	101
Ctro|Dhan|Sbay	676	8	344
Clus|Ctro|Kthe	1019	0	9
Cpar|Klac|Scer	1	1	1026
Cgui|Kthe|Lelo	309	689	30
Klac|Kwal|Scer	440	287	301
Ctro|Klac|Kthe	1	0	1027
Cgla|Dhan|Kthe	0	1028	0
Cpar|Psti|Smik	775	36	217
Cgla|Scas|Zrou	528	268	232
Cpar|Dhan|Sbay	666	42	320
Cgui|Klac|Smik	2	0	1026
Cgla|Smik|Spar	4	1	1023
Calb|Cgui|Dhan	237	229	562
Klac|Kpol|Scas	143	137	748
Cgla|Cpar|Lelo	10	6	1012
Cgla|Cgui|Kthe	0	1028	0
Cgla|Ctro|Scas	0	1028	0
Cgui|Klac|Psti	222	671	135
Calb|Kwal|Psti	0	779	249
Cgla|Psti|Sbay	1	1027	0
Kthe|Kwal|Smik	1016	7	5
Cgla|Clus|Skud	0	1028	0
Agos|Cgui|Cpar	308	35	685
Calb|Cdub|Scer	1028	0	0
Dhan|Lelo|Zrou	668	320	40
Ctro|Kpol|Spar	0	0	1028
Agos|Kthe|Skud	453	284	291
Cdub|Dhan|Smik	682	0	346
Cgla|Dhan|Sbay	0	1028	0
Kthe|Lelo|Smik	0	1027	1
Cgla|Kthe|Kwal	7	5	1016
Dhan|Sbay|Skud	0	0	1028
Cdub|Cgla|Sklu	0	1	1027
Ctro|Kpol|Kthe	1	0	1027
Agos|Dhan|Kthe	0	1028	0
Agos|Cgui|Sbay	1	1027	0
Kthe|Lelo|Psti	32	216	780
Cgui|Scas|Spar	0	0	1028
Cdub|Cgla|Spar	0	0	1028
Calb|Cdub|Cpar	1026	0	2
Scas|Scer|Spar	1	0	1027
Kpol|Scer|Skud	0	3	1025
Cgla|Kwal|Skud	137	800	91
Calb|Cpar|Kwal	961	0	67
Cdub|Kpol|Zrou	0	0	1028
Clus|Kpol|Kthe	0	0	1028
Cpar|Kpol|Psti	36	775	217
Cgui|Cpar|Spar	685	308	35
Agos|Clus|Sbay	0	1028	0
Clus|Lelo|Sbay	965	0	63
Cgui|Clus|Smik	695	333	0
Dhan|Kpol|Kthe	1	0	1027
Agos|Cdub|Sklu	0	1027	1
Kpol|Scer|Smik	0	3	1025
Clus|Scas|Skud	0	0	1028
Cdub|Scas|Scer	0	0	1028
Dhan|Kthe|Sklu	0	1	1027
Cgla|Skud|Zrou	518	270	240
Ctro|Kwal|Zrou	0	1	1027
Cpar|Lelo|Sklu	1012	10	6
Clus|Kthe|Scas	0	0	1028
Dhan|Spar|Zrou	0	0	1028
Cdub|Scer|Skud	0	0	1028
Cgui|Kpol|Sbay	0	0	1028
Ctro|Kwal|Lelo	1	972	55
Agos|Psti|Sklu	0	1026	2
Agos|Scer|Smik	0	1	1027
Calb|Ctro|Lelo	912	50	66
Calb|Cdub|Kwal	1028	0	0
Cgla|Clus|Kpol	0	1028	0
Cgla|Kpol|Psti	1026	2	0
Lelo|Scer|Sklu	0	1	1027
Lelo|Sbay|Scas	0	0	1028
Kthe|Psti|Zrou	0	1027	1
Clus|Cpar|Psti	234	254	540
Agos|Kpol|Sbay	137	150	741
Calb|Klac|Sbay	1	0	1027
Cdub|Cgui|Klac	695	0	333
Sbay|Scer|Skud	260	256	512
Cdub|Cgla|Psti	0	779	249
Cgla|Scer|Sklu	796	131	101
Ctro|Scas|Spar	0	0	1028
Cgui|Clus|Zrou	695	333	0
Calb|Psti|Skud	779	0	249
Sklu|Spar|Zrou	152	169	707
Clus|Kwal|Scas	0	0	1028
Agos|Cdub|Cpar	0	67	961
Agos|Klac|Psti	1026	1	1
Clus|Scas|Scer	0	0	1028
Dhan|Sbay|Scas	0	0	1028
Kpol|Sbay|Scas	223	249	556
Cpar|Ctro|Kthe	964	61	3
Agos|Cdub|Dhan	0	346	682
Klac|Scas|Zrou	152	164	712
Kpol|Lelo|Scer	0	1028	0
Ctro|Kwal|Scas	0	1	1027
Ctro|Scer|Sklu	0	1	1027
Cgla|Klac|Smik	117	798	113
Calb|Klac|Scer	1	0	1027
Cgla|Klac|Scer	116	799	113
Agos|Cgla|Clus	1028	0	0
Cdub|Cpar|Kwal	961	0	67
Cgla|Lelo|Scas	0	1028	0
Calb|Lelo|Smik	965	0	63
Ctro|Dhan|Kpol	676	8	344
Cdub|Kpol|Kwal	0	0	1028
Dhan|Psti|Spar	645	239	144
Calb|Skud|Spar	0	0	1028
Cdub|Dhan|Kthe	682	0	346
Agos|Sbay|Sklu	273	485	270
Cdub|Kthe|Scas	0	0	1028
Dhan|Klac|Lelo	320	667	41
Agos|Calb|Kpol	0	1028	0
Agos|Skud|Smik	0	1	1027
Agos|Cdub|Clus	0	0	1028
Cgla|Cgui|Spar	0	1028	0
Cdub|Ctro|Skud	1019	0	9
Kpol|Kwal|Spar	160	731	137
Clus|Cpar|Smik	961	0	67
Klac|Sbay|Smik	0	0	1028
Agos|Dhan|Sbay	0	1028	0
Sbay|Scer|Smik	157	172	699
Ctro|Kthe|Sbay	0	1	1027
Agos|Cgui|Kthe	1	1027	0
Klac|Scas|Spar	92	105	831
Agos|Cdub|Cgui	0	333	695
Agos|Scas|Spar	101	95	832
Clus|Scer|Skud	0	0	1028
Cgui|Psti|Sbay	671	222	135
Cgla|Ctro|Lelo	1	55	972
Calb|Cpar|Spar	961	0	67
Kthe|Psti|Sbay	1	1025	2
Calb|Scer|Spar	0	0	1028
Agos|Smik|Spar	1	0	1027
Dhan|Kpol|Sbay	1	0	1027
Kpol|Lelo|Skud	0	1028	0
Agos|Lelo|Scas	0	1028	0
Cdub|Sbay|Skud	0	0	1028
Cgui|Sklu|Skud	1	0	1027
Dhan|Smik|Spar	0	0	1028
Lelo|Psti|Smik	780	32	216
Clus|Klac|Spar	1	0	1027
Clus|Sklu|Skud	1	0	1027
Ctro|Dhan|Kwal	676	8	344
Dhan|Kwal|Scas	0	0	1028
Clus|Klac|Sklu	1	1	1026
Kwal|Lelo|Sbay	0	1027	1
Dhan|Kwal|Sklu	0	1	1027
Calb|Dhan|Sklu	682	0	346
Cgui|Dhan|Spar	738	146	144
Agos|Ctro|Spar	0	1028	0
Kpol|Kthe|Scas	155	746	127
Cdub|Kpol|Sbay	0	0	1028
Calb|Dhan|Spar	682	0	346
Ctro|Scas|Zrou	0	0	1028
Clus|Cpar|Kthe	961	0	67
Dhan|Kpol|Scer	1	0	1027
Kpol|Scas|Spar	249	220	559
Ctro|Dhan|Sklu	676	8	344
Ctro|Lelo|Psti	885	67	76
Cdub|Ctro|Dhan	1008	11	9
Calb|Cdub|Zrou	1028	0	0
Ctro|Kpol|Kwal	1	0	1027
Cgui|Kpol|Psti	222	671	135
Cdub|Cgui|Sklu	695	0	333
Sbay|Sklu|Spar	0	1027	1
Cdub|Kthe|Sklu	0	1	1027
Calb|Kwal|Scer	0	0	1028
Cdub|Kwal|Scas	0	0	1028
Cgla|Klac|Lelo	1026	1	1
Calb|Klac|Kwal	1	0	1027
Ctro|Dhan|Spar	676	8	344
Scer|Smik|Zrou	1025	1	2
Cdub|Cpar|Spar	961	0	67
Cpar|Dhan|Klac	665	43	320
Cgui|Kwal|Spar	0	0	1028
Cdub|Sbay|Scer	0	0	1028
Ctro|Scas|Skud	0	0	1028
Kthe|Sbay|Skud	0	1	1027
Cgla|Clus|Sbay	0	1028	0
Clus|Klac|Psti	0	778	250
Agos|Skud|Spar	0	0	1028
Clus|Psti|Zrou	779	0	249
Calb|Dhan|Kwal	682	0	346
Agos|Cgla|Klac	227	580	221
Kpol|Kwal|Smik	160	732	136
Cgla|Klac|Kpol	156	727	145
Cpar|Scas|Scer	0	0	1028
Cgui|Kpol|Sklu	0	1	1027
Calb|Cgui|Klac	695	0	333
Cgla|Kthe|Lelo	1027	1	0
Cgui|Psti|Zrou	671	222	135
Klac|Lelo|Zrou	1	1026	1
Agos|Cgui|Kpol	1	1027	0
Agos|Cgui|Smik	1	1027	0
Agos|Lelo|Skud	0	1028	0
Cdub|Ctro|Sklu	1019	0	9
Dhan|Klac|Smik	1	0	1027
Calb|Ctro|Sklu	1019	0	9
Kpol|Scer|Spar	0	0	1028
Agos|Cpar|Kpol	0	1028	0
Cpar|Dhan|Scer	666	42	320
Calb|Klac|Kpol	1	0	1027
Calb|Cgui|Kpol	695	0	333
Calb|Kpol|Zrou	0	0	1028
Scas|Sklu|Smik	95	824	109
Cgla|Cpar|Klac	1	1026	1
Agos|Scas|Smik	101	96	831
Ctro|Klac|Skud	1	1	1026
Cgui|Lelo|Psti	213	311	504
Klac|Kthe|Sbay	443	286	299
Cgui|Dhan|Kwal	738	146	144
Cgla|Psti|Smik	1	1027	0
Kthe|Sbay|Scas	95	101	832
Cdub|Smik|Spar	0	0	1028
Calb|Cgla|Lelo	0	965	63
Calb|Cdub|Sbay	1028	0	0
Cdub|Clus|Cpar	67	917	44
Sbay|Scas|Sklu	824	109	95
Cpar|Scas|Skud	0	0	1028
Kwal|Scas|Sklu	195	640	193
Cgui|Dhan|Psti	515	273	240
Dhan|Kthe|Scer	0	0	1028
Psti|Skud|Spar	0	0	1028
Kpol|Lelo|Zrou	0	1028	0
Kwal|Sklu|Smik	636	199	193
Klac|Kthe|Smik	443	286	299
Cdub|Cgla|Scer	0	0	1028
Cgui|Kwal|Zrou	0	0	1028
Dhan|Kpol|Kwal	1	0	1027
Dhan|Psti|Smik	645	239	144
Cpar|Psti|Zrou	775	36	217
Ctro|Smik|Zrou	0	0	1028
Kthe|Skud|Spar	0	0	1028
Cpar|Ctro|Spar	964	61	3
Calb|Ctro|Psti	1001	12	15
Cgla|Cpar|Ctro	61	3	964
Clus|Lelo|Scer	965	0	63
Calb|Klac|Smik	1	0	1027
Cdub|Scer|Spar	0	0	1028
Psti|Scer|Spar	0	0	1028
Agos|Cgui|Psti	222	135	671
Calb|Sklu|Zrou	1	0	1027
Ctro|Klac|Scas	1	1	1026
Cdub|Sklu|Spar	1	0	1027
Ctro|Psti|Skud	782	3	243
Klac|Lelo|Skud	1	1026	1
Sbay|Smik|Spar	176	159	693
Cdub|Clus|Smik	1028	0	0
Agos|Clus|Psti	0	249	779
Dhan|Lelo|Scer	668	320	40
Cpar|Ctro|Kpol	964	61	3
Dhan|Klac|Kpol	1	1	1026
Cgla|Kpol|Sklu	726	161	141
Cpar|Kwal|Scer	0	1	1027
Lelo|Sbay|Sklu	0	1	1027
Cgla|Sbay|Scas	298	297	433
Calb|Cdub|Cgui	1027	1	0
Clus|Kpol|Spar	0	0	1028
Dhan|Klac|Zrou	1	0	1027
Cgui|Clus|Kpol	695	333	0
Agos|Calb|Kthe	0	1028	0
Agos|Cpar|Scer	0	1028	0
Clus|Lelo|Spar	965	0	63
Cdub|Cpar|Scer	961	0	67
Cgui|Scas|Scer	0	0	1028
Cgui|Dhan|Smik	738	146	144
Cdub|Cgui|Smik	695	0	333
Agos|Kwal|Sbay	451	285	292
Clus|Cpar|Sbay	961	0	67
Agos|Cpar|Ctro	61	3	964
Cdub|Cgla|Klac	0	1	1027
Klac|Psti|Smik	2	1024	2
Agos|Psti|Zrou	1	1026	1
Cgla|Cpar|Smik	0	1028	0
Calb|Kwal|Lelo	0	965	63
Clus|Lelo|Skud	965	0	63
Agos|Dhan|Smik	0	1028	0
Calb|Clus|Spar	1028	0	0
Ctro|Psti|Scer	782	3	243
Agos|Lelo|Smik	0	1028	0
Klac|Lelo|Scas	1	1026	1
Scas|Skud|Zrou	590	216	222
Cgla|Cpar|Skud	0	1028	0
Cdub|Lelo|Scer	965	0	63
Calb|Cgla|Kpol	0	0	1028
Cdub|Cpar|Skud	961	0	67
Scas|Scer|Sklu	825	94	109
Dhan|Kthe|Kwal	0	0	1028
Cpar|Sklu|Spar	1	0	1027
Cgla|Cgui|Clus	333	0	695
Dhan|Kpol|Smik	1	0	1027
Lelo|Psti|Scas	780	32	216
Cgui|Clus|Sbay	695	333	0
Cgui|Psti|Spar	671	222	135
Agos|Cpar|Skud	0	1028	0
Cpar|Scas|Zrou	0	0	1028
Cgui|Clus|Scer	695	333	0
Kwal|Psti|Scas	0	1026	2
Ctro|Psti|Sbay	782	3	243
Agos|Calb|Cgui	0	333	695
Calb|Cgla|Scas	0	0	1028
Clus|Psti|Smik	779	0	249
Agos|Skud|Zrou	157	153	718
Agos|Dhan|Scer	0	1028	0
Ctro|Dhan|Psti	187	531	310
Cdub|Cpar|Kthe	961	0	67
Klac|Kthe|Psti	1025	2	1
Dhan|Lelo|Spar	668	320	40
Klac|Kpol|Psti	1023	3	2
Agos|Cgui|Spar	1	1027	0
Cdub|Dhan|Sklu	682	0	346
Calb|Cdub|Kpol	1028	0	0
Cpar|Kwal|Spar	0	1	1027
Agos|Dhan|Kwal	0	1028	0
Cgla|Cgui|Scas	0	1028	0
Agos|Klac|Sklu	454	263	311
Cdub|Psti|Sbay	779	0	249
Cdub|Cgla|Lelo	0	965	63
Lelo|Scas|Zrou	0	0	1028
Agos|Klac|Spar	577	222	229
Cdub|Smik|Zrou	0	0	1028
Scer|Sklu|Skud	0	1028	0
Cgla|Kpol|Sbay	272	496	260
Cdub|Kpol|Sklu	0	1	1027
Cdub|Cgla|Cpar	0	961	67
Kthe|Smik|Spar	0	1	1027
Dhan|Kwal|Lelo	320	668	40
Cgla|Dhan|Scas	0	1028	0
Agos|Kthe|Kwal	6	5	1017
Calb|Cgui|Lelo	43	912	73
Cdub|Dhan|Scas	682	0	346
Cgui|Psti|Smik	671	222	135
Kthe|Lelo|Scas	0	1027	1
Calb|Sklu|Skud	1	0	1027
Agos|Calb|Sbay	0	1028	0
Clus|Dhan|Klac	682	0	346
Cgla|Cpar|Zrou	0	1028	0
Clus|Kpol|Kwal	0	0	1028
Clus|Kwal|Sklu	0	1	1027
Cgla|Kwal|Psti	1026	2	0
Cdub|Spar|Zrou	0	0	1028
Cdub|Kwal|Psti	0	779	249
Calb|Clus|Scer	1028	0	0
Sbay|Sklu|Smik	0	1028	0
Agos|Dhan|Kpol	0	1027	1
Dhan|Kthe|Lelo	320	668	40
Psti|Sklu|Zrou	2	0	1026
Cgui|Sbay|Skud	0	0	1028
Kthe|Skud|Smik	1	0	1027
Cgla|Lelo|Zrou	0	1028	0
Agos|Cgla|Smik	125	100	803
Cgla|Cgui|Ctro	330	6	692
Kwal|Lelo|Skud	0	1027	1
Klac|Scas|Sklu	260	508	260
Agos|Cgla|Kwal	282	435	311
Sbay|Smik|Zrou	1022	1	5
Calb|Cpar|Dhan	914	44	70
Calb|Cgla|Kthe	0	0	1028
Scer|Sklu|Spar	0	1028	0
Cpar|Kthe|Psti	36	775	217
Ctro|Kpol|Sklu	0	1	1027
Calb|Klac|Zrou	1	0	1027
Cgui|Clus|Spar	695	333	0
Calb|Cgla|Sklu	0	1	1027
Cgui|Kthe|Skud	0	0	1028
Dhan|Kthe|Smik	0	0	1028
Kpol|Skud|Spar	3	0	1025
Kwal|Sbay|Scer	0	1	1027
Kpol|Kthe|Psti	1026	1	1
Cgui|Kwal|Scas	0	0	1028
Calb|Psti|Scer	779	0	249
Cgui|Ctro|Skud	692	330	6
Cdub|Psti|Zrou	779	0	249
Calb|Clus|Skud	1028	0	0
Ctro|Kthe|Skud	0	1	1027
Clus|Kpol|Scer	0	0	1028
Agos|Cpar|Zrou	0	1028	0
Calb|Cpar|Kthe	961	0	67
Cgla|Dhan|Sklu	0	1027	1
Kpol|Lelo|Spar	0	1028	0
Cgui|Sbay|Scer	0	0	1028
Ctro|Dhan|Kthe	676	8	344
Calb|Cgla|Cpar	0	961	67
Scas|Skud|Smik	1	5	1022
Cgui|Lelo|Zrou	689	309	30
Calb|Lelo|Psti	870	73	85
Calb|Dhan|Scer	682	0	346
Kwal|Lelo|Scer	0	1027	1
Agos|Calb|Cpar	0	67	961
Cpar|Kthe|Sklu	0	2	1026
Agos|Scas|Sklu	272	488	268
Cpar|Ctro|Sbay	964	61	3
Cgla|Cpar|Scer	0	1028	0
Ctro|Kwal|Sbay	0	1	1027
Cpar|Lelo|Spar	1012	10	6
Klac|Sbay|Zrou	157	161	710
Cgla|Kpol|Lelo	1028	0	0
Cgla|Lelo|Sklu	0	1027	1
Cgui|Dhan|Scas	738	146	144
Clus|Ctro|Psti	247	246	535
Kwal|Smik|Spar	0	1	1027
Klac|Kthe|Scer	443	286	299
Sklu|Skud|Smik	1	0	1027
Agos|Cgui|Kwal	1	1027	0
Kthe|Psti|Smik	1	1025	2
Agos|Sbay|Spar	1	0	1027
Ctro|Psti|Zrou	782	3	243
Ctro|Sklu|Spar	1	0	1027
Cpar|Klac|Zrou	1	1	1026
Ctro|Dhan|Klac	675	9	344
Cdub|Kthe|Spar	0	0	1028
Dhan|Kpol|Zrou	1	0	1027
Clus|Sbay|Smik	0	0	1028
Agos|Clus|Lelo	0	63	965
Ctro|Sbay|Smik	0	0	1028
Agos|Kwal|Smik	451	285	292
Cgla|Ctro|Kpol	0	1028	0
Cpar|Kpol|Scas	0	0	1028
Agos|Kwal|Skud	451	284	293
Kthe|Psti|Scas	0	1026	2
Cdub|Ctro|Sbay	1019	0	9
Cgla|Ctro|Zrou	0	1028	0
Cdub|Kpol|Spar	0	0	1028
Agos|Clus|Sklu	0	1027	1
Kthe|Kwal|Lelo	1028	0	0
Dhan|Klac|Scas	1	0	1027
Kthe|Smik|Zrou	160	169	699
Ctro|Kpol|Psti	3	782	243
Cgla|Kthe|Smik	138	800	90
Agos|Cpar|Klac	1	1026	1
Clus|Psti|Scer	779	0	249
Agos|Ctro|Scer	0	1028	0
Cgla|Dhan|Psti	239	144	645
Ctro|Kthe|Scas	0	1	1027
Calb|Sbay|Sklu	0	1	1027
Psti|Sklu|Skud	2	0	1026
Cdub|Cgla|Cgui	0	695	333
Cgla|Kthe|Skud	137	801	90
Ctro|Sbay|Scer	0	0	1028
Calb|Cdub|Smik	1028	0	0
Agos|Cdub|Klac	0	1027	1
Agos|Clus|Ctro	0	9	1019
Cpar|Kthe|Zrou	0	1	1027
Kwal|Skud|Smik	1	0	1027
Clus|Ctro|Scer	1019	0	9
Clus|Scas|Zrou	0	0	1028
Calb|Psti|Sbay	779	0	249
Cgla|Smik|Zrou	518	271	239
Cdub|Kpol|Scas	0	0	1028
Cdub|Cpar|Sbay	961	0	67
Ctro|Scas|Sklu	0	1	1027
Dhan|Skud|Zrou	0	0	1028
Agos|Kthe|Scer	453	284	291
Klac|Psti|Spar	2	1024	2
Kpol|Kthe|Spar	160	732	136
Calb|Smik|Zrou	0	0	1028
Agos|Kwal|Scer	451	284	293
Kwal|Scer|Zrou	161	168	699
Cpar|Kwal|Psti	36	775	217
Agos|Dhan|Lelo	320	40	668
Clus|Ctro|Skud	1019	0	9
Cgui|Kthe|Zrou	0	0	1028
Ctro|Kpol|Smik	0	0	1028
Cpar|Scas|Spar	0	0	1028
Agos|Cdub|Sbay	0	1028	0
Cgui|Klac|Zrou	2	0	1026
Cdub|Lelo|Sbay	965	0	63
Calb|Cgla|Psti	0	779	249
Cpar|Scer|Sklu	0	1	1027
Lelo|Psti|Zrou	780	32	216
Cgui|Klac|Lelo	309	689	30
Kthe|Scas|Scer	100	95	833
Kpol|Sbay|Zrou	385	313	330
Cdub|Cgui|Zrou	695	0	333
Dhan|Psti|Scas	645	239	144
Cdub|Psti|Smik	779	0	249
Cgla|Clus|Scas	0	1028	0
Lelo|Scas|Skud	0	0	1028
Cpar|Kpol|Sklu	0	1	1027
Ctro|Lelo|Smik	972	1	55
Calb|Cdub|Lelo	1026	0	2
Ctro|Lelo|Sbay	972	1	55
Agos|Sbay|Scer	1	0	1027
Cgla|Psti|Scas	0	1028	0
Sbay|Scer|Sklu	1027	0	1
Kpol|Sbay|Sklu	727	156	145
Kpol|Kwal|Scas	154	748	126
Cdub|Scas|Skud	0	0	1028
Kthe|Scer|Skud	0	0	1028
Cdub|Cpar|Dhan	915	43	70
Cgla|Kwal|Scas	132	806	90
Agos|Cpar|Dhan	42	320	666
Cgui|Clus|Kthe	695	333	0
Kpol|Kthe|Lelo	1027	1	0
Cdub|Psti|Spar	779	0	249
Calb|Lelo|Sbay	965	0	63
Agos|Ctro|Scas	0	1028	0
Clus|Cpar|Kwal	961	0	67
Cgla|Scer|Spar	1	0	1027
Cdub|Clus|Scer	1028	0	0
Cpar|Psti|Scas	775	36	217
Cdub|Ctro|Scas	1019	0	9
Agos|Cgui|Scas	1	1027	0
Calb|Cgui|Cpar	41	913	74
Clus|Kpol|Skud	0	0	1028
Agos|Cgui|Sklu	1	1026	1
Clus|Sbay|Scas	0	0	1028
Agos|Ctro|Kpol	0	1028	0
Cgla|Ctro|Sklu	0	1027	1
Cdub|Kpol|Lelo	0	965	63
Agos|Klac|Scer	577	222	229
Cgla|Ctro|Scer	0	1028	0
Cgui|Klac|Scas	2	0	1026
Calb|Kpol|Smik	0	0	1028
Agos|Lelo|Zrou	0	1028	0
Agos|Dhan|Zrou	0	1028	0
Calb|Cdub|Scas	1028	0	0
Agos|Sbay|Skud	1	0	1027
Cgui|Ctro|Kpol	692	330	6
Cgla|Cpar|Spar	0	1028	0
Cpar|Kpol|Kwal	1	0	1027
Kthe|Kwal|Scas	1016	7	5
Agos|Scer|Zrou	157	153	718
Cgla|Kwal|Spar	137	800	91
Dhan|Sbay|Sklu	0	1	1027
Cgla|Ctro|Skud	0	1028	0
Clus|Kthe|Sbay	0	0	1028
Cgui|Kpol|Scas	0	0	1028
Cgla|Klac|Skud	116	799	113
Cdub|Sbay|Zrou	0	0	1028
Clus|Kthe|Skud	0	0	1028
Scas|Smik|Zrou	591	216	221
Agos|Kpol|Scas	129	143	756
Clus|Dhan|Spar	682	0	346
Ctro|Klac|Sbay	1	1	1026
Clus|Sklu|Spar	1	0	1027
Agos|Ctro|Dhan	8	344	676
Calb|Cgui|Spar	695	0	333
Cgla|Klac|Kthe	281	312	435
Cdub|Ctro|Klac	1019	0	9
Agos|Cpar|Spar	0	1028	0
Calb|Scas|Zrou	0	0	1028
Clus|Kthe|Scer	0	0	1028
Cgui|Scer|Sklu	0	1	1027
Ctro|Kpol|Lelo	1	972	55
Agos|Cpar|Psti	36	217	775
Cgui|Scer|Spar	0	0	1028
Cgui|Lelo|Spar	689	309	30
Kwal|Sbay|Spar	0	1	1027
Calb|Skud|Zrou	0	0	1028
Agos|Ctro|Klac	1	1026	1
Agos|Cgla|Skud	125	99	804
Kwal|Sbay|Sklu	199	636	193
Cdub|Clus|Spar	1028	0	0
Kwal|Skud|Spar	0	0	1028
Cgla|Kthe|Scer	137	801	90
Klac|Kthe|Zrou	431	299	298
Lelo|Sklu|Skud	1	0	1027
Calb|Cpar|Klac	961	0	67
Agos|Kthe|Psti	1025	2	1
Calb|Psti|Sklu	779	0	249
Lelo|Sbay|Smik	0	0	1028
Psti|Smik|Zrou	1	1	1026
Cpar|Sbay|Smik	0	0	1028
Sbay|Skud|Smik	251	258	519
Cpar|Klac|Kpol	1	1	1026
Klac|Sbay|Scer	0	1	1027
Cgla|Ctro|Sbay	0	1028	0
Clus|Ctro|Kpol	1019	0	9
Cdub|Scas|Zrou	0	0	1028
Agos|Sklu|Spar	485	272	271
Cdub|Kthe|Zrou	0	0	1028
Cgla|Cgui|Psti	222	135	671
Agos|Calb|Ctro	0	9	1019
Kthe|Kwal|Sklu	1010	8	10
Kpol|Kwal|Lelo	1027	1	0
Clus|Kwal|Zrou	0	0	1028
Ctro|Kwal|Scer	0	1	1027
Cgla|Dhan|Klac	0	1027	1
Cgui|Psti|Scas	671	222	135
Kpol|Kthe|Kwal	7	5	1016
Agos|Cgla|Dhan	1028	0	0
Cpar|Lelo|Psti	988	17	23
Cgla|Lelo|Scer	0	1028	0
Scer|Spar|Zrou	1027	1	0
Dhan|Kthe|Sbay	0	0	1028
Cgla|Sklu|Smik	132	795	101
Agos|Cgla|Scer	125	99	804
Cdub|Kthe|Smik	0	0	1028
Cdub|Kthe|Scer	0	0	1028
Calb|Kwal|Skud	0	0	1028
Cdub|Dhan|Lelo	44	913	71
Agos|Clus|Scas	0	1028	0
Cdub|Scer|Smik	0	0	1028
Clus|Scer|Spar	0	0	1028
Dhan|Skud|Smik	0	0	1028
Calb|Dhan|Klac	681	1	346
Kwal|Scer|Skud	0	0	1028
Cgla|Sklu|Spar	131	796	101
Agos|Klac|Kpol	569	228	231
Calb|Psti|Smik	779	0	249
Calb|Cgui|Psti	193	505	330
Kwal|Scas|Spar	99	95	834
Dhan|Scer|Spar	0	0	1028
Clus|Cpar|Dhan	325	401	302
Cpar|Spar|Zrou	0	0	1028
Cpar|Klac|Sklu	1	2	1025
Calb|Cgui|Kthe	695	0	333
Cgui|Kpol|Smik	0	0	1028
Agos|Lelo|Scer	0	1028	0
Kwal|Spar|Zrou	161	168	699
Cgui|Klac|Sklu	2	1	1025
Ctro|Kwal|Spar	0	1	1027
Ctro|Kthe|Kwal	0	0	1028
Cpar|Dhan|Sklu	666	42	320
Kwal|Scas|Skud	99	95	834
Cgui|Cpar|Skud	685	308	35
Agos|Cdub|Smik	0	1028	0
Cdub|Kwal|Sbay	0	0	1028
Agos|Psti|Smik	1	1026	1
Dhan|Kwal|Scer	0	0	1028
Cgla|Dhan|Spar	0	1028	0
Clus|Cpar|Skud	961	0	67
Sbay|Scas|Zrou	588	220	220
Agos|Kthe|Spar	453	284	291
Agos|Kthe|Sklu	229	270	529
Sklu|Smik|Zrou	152	170	706
Ctro|Klac|Kpol	1	1	1026
Cgui|Psti|Sklu	671	222	135
Cdub|Lelo|Psti	870	73	85
Calb|Cpar|Skud	961	0	67
Cpar|Dhan|Kwal	666	42	320
Cdub|Cgui|Cpar	40	914	74
Cpar|Kthe|Kwal	0	0	1028
Kthe|Scer|Zrou	160	168	700
Calb|Kwal|Scas	0	0	1028
Cdub|Cgla|Skud	0	0	1028
Cgui|Cpar|Kthe	685	308	35
Calb|Dhan|Lelo	45	912	71
Psti|Scas|Zrou	1	0	1027
Calb|Dhan|Zrou	682	0	346
Cgla|Ctro|Klac	1	1026	1
Cgla|Kpol|Skud	271	498	259
Cgui|Dhan|Kthe	738	146	144
Kpol|Sklu|Spar	156	726	146
Cdub|Psti|Scas	779	0	249
Agos|Klac|Lelo	1026	1	1
Cgla|Dhan|Lelo	320	40	668
Agos|Cgui|Clus	333	0	695
Calb|Kpol|Lelo	0	965	63
Cgla|Ctro|Kwal	1	1027	0
Calb|Cgla|Cgui	0	695	333
Cgui|Ctro|Kthe	692	330	6
Psti|Skud|Zrou	1	1	1026
Clus|Klac|Smik	1	0	1027
Agos|Cgla|Cgui	1027	1	0
Ctro|Dhan|Lelo	39	921	68
Cdub|Klac|Smik	1	0	1027
Cgui|Skud|Smik	0	0	1028
Klac|Sklu|Spar	508	253	267
Cgui|Dhan|Lelo	548	248	232
Calb|Smik|Spar	0	0	1028
Cpar|Psti|Sbay	775	36	217
Agos|Scer|Sklu	272	485	271
Cdub|Psti|Sklu	779	0	249
Dhan|Kthe|Psti	239	645	144
Agos|Cgui|Lelo	309	30	689
Agos|Kpol|Sklu	265	482	281
Ctro|Klac|Kwal	1	0	1027
Ctro|Kthe|Psti	3	782	243
Cgla|Kthe|Spar	137	801	90
Dhan|Skud|Spar	0	0	1028
Cdub|Clus|Kthe	1028	0	0
Cgui|Smik|Zrou	0	0	1028
Kthe|Kwal|Psti	1028	0	0
Cdub|Cpar|Sklu	961	0	67
Cgui|Cpar|Sbay	685	308	35
Kthe|Scer|Smik	1	0	1027
Calb|Clus|Kpol	1028	0	0
Cgui|Scas|Skud	0	0	1028
Cgla|Clus|Ctro	0	9	1019
Ctro|Dhan|Zrou	676	8	344
Cpar|Kthe|Sbay	0	1	1027
Sbay|Skud|Spar	260	257	511
Agos|Kpol|Kwal	267	448	313
Ctro|Psti|Smik	782	3	243
Cgla|Clus|Dhan	0	346	682
Clus|Kthe|Zrou	0	0	1028
Cgla|Clus|Psti	0	249	779
Kpol|Scas|Skud	247	222	559
Cdub|Clus|Psti	249	530	249
Kpol|Psti|Zrou	0	1027	1
Clus|Cpar|Lelo	13	18	997
Calb|Kpol|Sbay	0	0	1028
Agos|Kpol|Scer	138	150	740
Clus|Scas|Sklu	0	1	1027
Cdub|Cgla|Scas	0	0	1028
Kthe|Scas|Smik	101	95	832
Cpar|Smik|Spar	0	0	1028
Cpar|Scer|Spar	0	0	1028
Cdub|Cpar|Klac	961	0	67
Calb|Dhan|Psti	190	527	311
Clus|Psti|Skud	779	0	249
Cpar|Kpol|Zrou	0	0	1028
Cgla|Cpar|Kpol	0	1028	0
Cpar|Kpol|Spar	0	0	1028
Cdub|Kthe|Lelo	0	965	63
Cgui|Kpol|Spar	0	0	1028
Cgla|Kthe|Zrou	173	713	142
Kthe|Psti|Sklu	0	1025	3
Agos|Cdub|Psti	0	249	779
Dhan|Lelo|Scas	668	320	40
Lelo|Scer|Skud	0	0	1028
Cpar|Kwal|Scas	0	1	1027
Cdub|Cpar|Kpol	961	0	67
Dhan|Klac|Psti	239	644	145
Agos|Cpar|Sbay	0	1028	0
Klac|Lelo|Sbay	1	1026	1
Cgui|Ctro|Sbay	692	330	6
Kwal|Lelo|Psti	32	216	780
Cgui|Klac|Kwal	2	0	1026
Kwal|Lelo|Zrou	0	1027	1
Cgla|Sbay|Smik	3	4	1021
Cdub|Cpar|Scas	961	0	67
Scas|Smik|Spar	3	2	1023
Kpol|Scer|Zrou	382	313	333
Cdub|Cgla|Ctro	0	1019	9
Kwal|Psti|Sbay	1	1025	2
Clus|Kpol|Zrou	0	0	1028
Ctro|Psti|Scas	782	3	243
Cdub|Kpol|Smik	0	0	1028
Kpol|Psti|Scer	0	1027	1
Cgla|Kwal|Smik	138	799	91
Cdub|Lelo|Scas	965	0	63
Calb|Cgla|Sbay	0	0	1028
Ctro|Scer|Skud	0	0	1028
Klac|Kwal|Smik	440	287	301
Ctro|Sklu|Smik	1	0	1027
Agos|Klac|Zrou	574	220	234
Dhan|Psti|Sbay	645	239	144
Sbay|Sklu|Skud	0	1027	1
Kthe|Scas|Spar	100	95	833
Clus|Dhan|Kthe	682	0	346
Cgla|Cpar|Dhan	42	320	666
Agos|Cgla|Spar	125	99	804
Kthe|Lelo|Zrou	0	1027	1
Cdub|Cgui|Scer	695	0	333
Cgla|Cgui|Sbay	0	1028	0
Kpol|Kwal|Sbay	160	732	136
Klac|Sklu|Zrou	495	268	265
Ctro|Lelo|Scas	972	1	55
Cdub|Dhan|Skud	682	0	346
Cgla|Clus|Spar	0	1028	0
Cdub|Kthe|Kwal	0	0	1028
Kthe|Lelo|Skud	0	1027	1
Psti|Smik|Spar	0	0	1028
Cdub|Kwal|Sklu	0	1	1027
Calb|Kpol|Kwal	0	0	1028
Cgui|Clus|Scas	695	333	0
Cgla|Psti|Sklu	0	1027	1
Cgla|Scas|Sklu	800	138	90
Cdub|Sbay|Sklu	0	1	1027
Klac|Kthe|Sklu	210	291	527
Kpol|Kthe|Sklu	208	197	623
Calb|Cgla|Scer	0	0	1028
Ctro|Lelo|Zrou	972	1	55
Cgla|Psti|Spar	1	1027	0
Cpar|Kwal|Lelo	10	1012	6
Cpar|Sklu|Zrou	1	0	1027
Cdub|Dhan|Sbay	682	0	346
Clus|Kthe|Smik	0	0	1028
Cgui|Lelo|Skud	689	309	30
Cgui|Sbay|Zrou	0	0	1028
Cgla|Dhan|Zrou	0	1028	0
Cgui|Lelo|Smik	689	309	30
Agos|Calb|Scas	0	1028	0
Cgla|Sbay|Scer	4	3	1021
Calb|Klac|Lelo	0	965	63
Cdub|Cpar|Ctro	55	915	58
Cgui|Cpar|Psti	213	313	502
Cdub|Ctro|Psti	1001	12	15
Calb|Ctro|Kpol	1019	0	9
Cdub|Clus|Ctro	9	1008	11
Agos|Cdub|Ctro	0	9	1019
Klac|Kthe|Kwal	8	6	1014
Clus|Kwal|Spar	0	0	1028
Agos|Cpar|Kwal	1	1027	0
Ctro|Kthe|Spar	0	1	1027
Dhan|Klac|Sklu	1	1	1026
Cgui|Klac|Sbay	2	0	1026
Agos|Lelo|Sklu	0	1027	1
Cgui|Kthe|Psti	222	671	135
Cpar|Kpol|Lelo	10	1012	6
Cdub|Cgui|Skud	695	0	333
Cgla|Dhan|Smik	0	1028	0
Klac|Psti|Skud	2	1024	2
Cgla|Dhan|Scer	0	1028	0
Cgla|Clus|Lelo	0	63	965
Cpar|Klac|Kwal	1	0	1027
Cdub|Cgla|Kpol	0	0	1028
Calb|Sbay|Scas	0	0	1028
Cdub|Dhan|Scer	682	0	346
Calb|Cgla|Spar	0	0	1028
Dhan|Scas|Sklu	0	1	1027
Kthe|Lelo|Scer	0	1027	1
Ctro|Dhan|Smik	676	8	344
Lelo|Sklu|Smik	1	0	1027
Calb|Cpar|Scer	961	0	67
Calb|Dhan|Skud	682	0	346
Calb|Cpar|Lelo	96	76	856
Calb|Ctro|Klac	1019	0	9
Klac|Kpol|Zrou	160	172	696
Klac|Scer|Sklu	253	508	267
Cpar|Ctro|Zrou	964	61	3
Cgla|Cgui|Kpol	0	1028	0
Cgui|Cpar|Dhan	247	546	235
Agos|Ctro|Zrou	0	1028	0
Kthe|Sbay|Sklu	203	630	195
Clus|Ctro|Zrou	1019	0	9
Sbay|Scas|Smik	3	1017	8
Calb|Scas|Scer	0	0	1028
Calb|Clus|Scas	1028	0	0
Cgla|Dhan|Kwal	0	1028	0
Cpar|Klac|Spar	1	1	1026
Ctro|Sbay|Zrou	0	0	1028
Sbay|Scas|Skud	5	1017	6
Skud|Smik|Spar	229	212	587
Agos|Calb|Dhan	0	346	682
Agos|Cgla|Kpol	163	130	735
Cgla|Sbay|Zrou	517	273	238
Cgui|Kpol|Skud	0	0	1028
Calb|Cpar|Sklu	961	0	67
Cgui|Kwal|Sbay	0	0	1028
Kthe|Sbay|Spar	0	1	1027
Ctro|Klac|Psti	3	782	243
Calb|Cpar|Sbay	961	0	67
Cgla|Lelo|Smik	0	1028	0
Clus|Scer|Smik	0	0	1028
Calb|Sbay|Skud	0	0	1028
Klac|Kthe|Lelo	1027	1	0
Sbay|Scas|Scer	3	1017	8
Cpar|Ctro|Dhan	917	70	41
Agos|Calb|Sklu	0	1027	1
Kwal|Psti|Sklu	0	1025	3
Kwal|Skud|Zrou	161	168	699
Dhan|Kpol|Lelo	320	668	40
Calb|Kthe|Scer	0	0	1028
Ctro|Psti|Sklu	782	3	243
Kpol|Lelo|Smik	0	1028	0
Clus|Sklu|Smik	1	0	1027
Klac|Lelo|Spar	1	1026	1
Ctro|Klac|Sklu	1	2	1025
Calb|Lelo|Scer	965	0	63
Cdub|Cgui|Kpol	695	0	333
Clus|Klac|Sbay	1	0	1027
Cgla|Cgui|Lelo	309	30	689
Calb|Cgla|Zrou	0	0	1028
Agos|Clus|Dhan	0	346	682
Cpar|Ctro|Scas	964	61	3
Cgla|Kpol|Smik	271	497	260
Klac|Kpol|Kwal	279	445	304
Calb|Cgui|Clus	283	333	412
Dhan|Sbay|Spar	0	0	1028
Clus|Kpol|Scas	0	0	1028
Cgui|Dhan|Sbay	738	146	144
Lelo|Skud|Smik	0	0	1028
Cgla|Cgui|Sklu	0	1027	1
Ctro|Klac|Spar	1	1	1026
Calb|Cdub|Sklu	1028	0	0
Calb|Cdub|Dhan	1027	1	0
Kwal|Sklu|Spar	636	199	193
Cgui|Sklu|Zrou	1	0	1027
Cgla|Scas|Skud	297	297	434
Cdub|Skud|Smik	0	0	1028
Calb|Kpol|Psti	0	779	249
Kpol|Scas|Zrou	411	294	323
Calb|Kthe|Sbay	0	0	1028
Calb|Scas|Spar	0	0	1028
Cpar|Scer|Skud	0	0	1028
Calb|Kpol|Sklu	0	1	1027
Calb|Cgui|Ctro	11	1005	12
Calb|Dhan|Scas	682	0	346
Calb|Sbay|Spar	0	0	1028
Klac|Skud|Spar	0	0	1028
Cgla|Cpar|Kthe	1	1027	0
Calb|Scer|Sklu	0	1	1027
Cpar|Lelo|Scer	1012	10	6
Scer|Sklu|Smik	1	1027	0
Kthe|Spar|Zrou	160	168	700
Cgla|Cpar|Scas	0	1028	0
Ctro|Kthe|Smik	0	1	1027
Kthe|Lelo|Spar	0	1027	1
Kpol|Sbay|Skud	2	2	1024
Kpol|Kwal|Zrou	171	700	157
Ctro|Skud|Spar	0	0	1028
Kpol|Kthe|Smik	160	733	135
Cgui|Kthe|Sbay	0	0	1028
Scas|Spar|Zrou	591	217	220
Cgui|Dhan|Scer	738	146	144
Ctro|Sbay|Skud	0	0	1028
Cgla|Kpol|Zrou	379	356	293
Cdub|Cpar|Zrou	961	0	67
Agos|Dhan|Psti	239	144	645
Kthe|Scas|Zrou	156	164	708
Agos|Scas|Zrou	156	149	723
Cpar|Klac|Psti	36	775	217
Calb|Cpar|Smik	961	0	67
Cgui|Kpol|Kthe	0	0	1028
Agos|Calb|Psti	0	249	779
Cpar|Kpol|Smik	0	0	1028
Cpar|Kpol|Scer	0	0	1028
Sbay|Scas|Spar	4	1016	8
Cgla|Ctro|Psti	3	243	782
Cgla|Clus|Kwal	0	1028	0
Cpar|Ctro|Skud	964	61	3
Cgla|Ctro|Dhan	8	344	676
Agos|Calb|Cgla	0	1028	0
Kthe|Sklu|Smik	630	203	195
Kthe|Scas|Skud	100	95	833
Calb|Kwal|Zrou	0	0	1028
Clus|Scas|Spar	0	0	1028
Cpar|Lelo|Zrou	1012	10	6
Cgla|Kwal|Sklu	204	202	622
Clus|Psti|Scas	779	0	249
Cpar|Lelo|Skud	1012	10	6
Psti|Sbay|Scas	0	1	1027
Calb|Clus|Klac	1027	1	0
Cgla|Sbay|Skud	3	4	1021
Agos|Cdub|Cgla	0	1028	0
Lelo|Scas|Spar	0	0	1028
Scer|Skud|Spar	86	865	77
Agos|Cdub|Scas	0	1028	0
Ctro|Sbay|Scas	0	0	1028
Cdub|Sklu|Skud	1	0	1027
Clus|Ctro|Scas	1019	0	9
Cpar|Scas|Smik	0	0	1028
Dhan|Kwal|Zrou	0	0	1028
Agos|Kwal|Spar	451	284	293
Cdub|Kpol|Scer	0	0	1028
Agos|Klac|Skud	577	222	229
Cgui|Skud|Zrou	0	0	1028
Dhan|Lelo|Psti	205	294	529
Agos|Clus|Kthe	0	1028	0
Calb|Scas|Smik	0	0	1028
Ctro|Sklu|Zrou	1	0	1027
Cgui|Ctro|Lelo	38	67	923
Clus|Ctro|Spar	1019	0	9
Kpol|Psti|Sbay	0	1027	1
Cpar|Ctro|Kwal	964	61	3
Cgla|Clus|Kthe	0	1028	0
Scas|Sklu|Skud	94	825	109
Cpar|Klac|Smik	1	1	1026
Ctro|Dhan|Scer	676	8	344
Calb|Kwal|Sbay	0	0	1028
Psti|Sbay|Skud	0	0	1028
Cgui|Cpar|Klac	685	308	35
Agos|Kpol|Psti	1025	2	1
Lelo|Scas|Scer	0	0	1028
Cpar|Dhan|Smik	666	42	320
Cpar|Sklu|Skud	1	0	1027
Calb|Scas|Skud	0	0	1028
Klac|Kwal|Sbay	440	287	301
